[
    {
        "ISO_639_1_code": "aa",
        "english_name": "Afar",
        "native_name": "Afaraf"
    },
    {
        "ISO_639_1_code": "ab",
        "english_name": "Abkhaz",
        "native_name": "аҧсуа бызшәа"
    },
    {
        "ISO_639_1_code": "ae",
        "english_name": "Avestan",
        "native_name": "avesta"
    },
    {
        "ISO_639_1_code": "af",
        "english_name": "Afrikaans",
        "native_name": "Afrikaans"
    },
    {
        "ISO_639_1_code": "ak",
        "english_name": "Akan",
        "native_name": "Akan"
    },
    {
        "ISO_639_1_code": "am",
        "english_name": "Amharic",
        "native_name": "አማርኛ"
    },
    {
        "ISO_639_1_code": "an",
        "english_name": "Aragonese",
        "native_name": "aragonés"
    },
    {
        "ISO_639_1_code": "ar",
        "english_name": "Arabic",
        "native_name": "اللغة العربية"
    },
    {
        "ISO_639_1_code": "as",
        "english_name": "Assamese",
        "native_name": "অসমীয়া"
    },
    {
        "ISO_639_1_code": "av",
        "english_name": "Avaric",
        "native_name": "авар мацӀ"
    },
    {
        "ISO_639_1_code": "ay",
        "english_name": "Aymara",
        "native_name": "aymar aru"
    },
    {
        "ISO_639_1_code": "az",
        "english_name": "Azerbaijani",
        "native_name": "azərbaycan dili"
    },
    {
        "ISO_639_1_code": "ba",
        "english_name": "Bashkir",
        "native_name": "башҡорт теле"
    },
    {
        "ISO_639_1_code": "be",
        "english_name": "Belarusian",
        "native_name": "беларуская мова"
    },
    {
        "ISO_639_1_code": "bg",
        "english_name": "Bulgarian",
        "native_name": "български език"
    },
    {
        "ISO_639_1_code": "bh",
        "english_name": "Bihari",
        "native_name": "भोजपुरी"
    },
    {
        "ISO_639_1_code": "bi",
        "english_name": "Bislama",
        "native_name": "Bislama"
    },
    {
        "ISO_639_1_code": "bm",
        "english_name": "Bambara",
        "native_name": "bamanankan"
    },
    {
        "ISO_639_1_code": "bn",
        "english_name": "Bengali",
        "native_name": "বাংলা"
    },
    {
        "ISO_639_1_code": "bo",
        "english_name": "Tibetan",
        "native_name": "བོད་ཡིག"
    },
    {
        "ISO_639_1_code": "br",
        "english_name": "Breton",
        "native_name": "brezhoneg"
    },
    {
        "ISO_639_1_code": "bs",
        "english_name": "Bosnian",
        "native_name": "bosanski jezik"
    },
    {
        "ISO_639_1_code": "ca",
        "english_name": "Catalan",
        "native_name": "Català"
    },
    {
        "ISO_639_1_code": "ce",
        "english_name": "Chechen",
        "native_name": "нохчийн мотт"
    },
    {
        "ISO_639_1_code": "ch",
        "english_name": "Chamorro",
        "native_name": "Chamoru"
    },
    {
        "ISO_639_1_code": "co",
        "english_name": "Corsican",
        "native_name": "corsu"
    },
    {
        "ISO_639_1_code": "cr",
        "english_name": "Cree",
        "native_name": "ᓀᐦᐃᔭᐍᐏᐣ"
    },
    {
        "ISO_639_1_code": "cs",
        "english_name": "Czech",
        "native_name": "čeština"
    },
    {
        "ISO_639_1_code": "cu",
        "english_name": "Old Church Slavonic",
        "native_name": "ѩзыкъ словѣньскъ"
    },
    {
        "ISO_639_1_code": "cv",
        "english_name": "Chuvash",
        "native_name": "чӑваш чӗлхи"
    },
    {
        "ISO_639_1_code": "cy",
        "english_name": "Welsh",
        "native_name": "Cymraeg"
    },
    {
        "ISO_639_1_code": "da",
        "english_name": "Danish",
        "native_name": "dansk"
    },
    {
        "ISO_639_1_code": "de",
        "english_name": "German",
        "native_name": "Deutsch"
    },
    {
        "ISO_639_1_code": "dv",
        "english_name": "Divehi",
        "native_name": "Dhivehi"
    },
    {
        "ISO_639_1_code": "dz",
        "english_name": "Dzongkha",
        "native_name": "རྫོང་ཁ"
    },
    {
        "ISO_639_1_code": "ee",
        "english_name": "Ewe",
        "native_name": "Eʋegbe"
    },
    {
        "ISO_639_1_code": "el",
        "english_name": "Greek",
        "native_name": "Ελληνικά"
    },
    {
        "ISO_639_1_code": "en",
        "english_name": "English",
        "native_name": "English"
    },
    {
        "ISO_639_1_code": "eo",
        "english_name": "Esperanto",
        "native_name": "Esperanto"
    },
    {
        "ISO_639_1_code": "es",
        "english_name": "Spanish",
        "native_name": "Español"
    },
    {
        "ISO_639_1_code": "et",
        "english_name": "Estonian",
        "native_name": "eesti"
    },
    {
        "ISO_639_1_code": "eu",
        "english_name": "Basque",
        "native_name": "euskara"
    },
    {
        "ISO_639_1_code": "fa",
        "english_name": "Persian",
        "native_name": "فارسی"
    },
    {
        "ISO_639_1_code": "ff",
        "english_name": "Fula",
        "native_name": "Fulfulde"
    },
    {
        "ISO_639_1_code": "fi",
        "english_name": "Finnish",
        "native_name": "suomi"
    },
    {
        "ISO_639_1_code": "fj",
        "english_name": "Fijian",
        "native_name": "Vakaviti"
    },
    {
        "ISO_639_1_code": "fo",
        "english_name": "Faroese",
        "native_name": "føroyskt"
    },
    {
        "ISO_639_1_code": "fr",
        "english_name": "French",
        "native_name": "Français"
    },
    {
        "ISO_639_1_code": "fy",
        "english_name": "Western Frisian",
        "native_name": "Frysk"
    },
    {
        "ISO_639_1_code": "ga",
        "english_name": "Irish",
        "native_name": "Gaeilge"
    },
    {
        "ISO_639_1_code": "gd",
        "english_name": "Scottish Gaelic",
        "native_name": "Gàidhlig"
    },
    {
        "ISO_639_1_code": "gl",
        "english_name": "Galician",
        "native_name": "galego"
    },
    {
        "ISO_639_1_code": "gu",
        "english_name": "Gujarati",
        "native_name": "ગુજરાતી"
    },
    {
        "ISO_639_1_code": "gv",
        "english_name": "Manx",
        "native_name": "Gaelg"
    },
    {
        "ISO_639_1_code": "ha",
        "english_name": "Hausa",
        "native_name": "هَوُسَ"
    },
    {
        "ISO_639_1_code": "he",
        "english_name": "Hebrew",
        "native_name": "עברית"
    },
    {
        "ISO_639_1_code": "hi",
        "english_name": "Hindi",
        "native_name": "हिन्दी"
    },
    {
        "ISO_639_1_code": "ho",
        "english_name": "Hiri Motu",
        "native_name": "Hiri Motu"
    },
    {
        "ISO_639_1_code": "hr",
        "english_name": "Croatian",
        "native_name": "Hrvatski"
    },
    {
        "ISO_639_1_code": "ht",
        "english_name": "Haitian",
        "native_name": "Kreyòl ayisyen"
    },
    {
        "ISO_639_1_code": "hu",
        "english_name": "Hungarian",
        "native_name": "magyar"
    },
    {
        "ISO_639_1_code": "hy",
        "english_name": "Armenian",
        "native_name": "Հայերեն"
    },
    {
        "ISO_639_1_code": "hz",
        "english_name": "Herero",
        "native_name": "Otjiherero"
    },
    {
        "ISO_639_1_code": "ia",
        "english_name": "Interlingua",
        "native_name": "Interlingua"
    },
    {
        "ISO_639_1_code": "id",
        "english_name": "Indonesian",
        "native_name": "Bahasa Indonesia"
    },
    {
        "ISO_639_1_code": "ie",
        "english_name": "Interlingue",
        "native_name": "Interlingue"
    },
    {
        "ISO_639_1_code": "ig",
        "english_name": "Igbo",
        "native_name": "Asụsụ Igbo"
    },
    {
        "ISO_639_1_code": "ii",
        "english_name": "Nuosu",
        "native_name": "ꆈꌠ꒿ Nuosuhxop"
    },
    {
        "ISO_639_1_code": "ik",
        "english_name": "Inupiaq",
        "native_name": "Iñupiaq"
    },
    {
        "ISO_639_1_code": "io",
        "english_name": "Ido",
        "native_name": "Ido"
    },
    {
        "ISO_639_1_code": "is",
        "english_name": "Icelandic",
        "native_name": "Íslenska"
    },
    {
        "ISO_639_1_code": "it",
        "english_name": "Italian",
        "native_name": "Italiano"
    },
    {
        "ISO_639_1_code": "iu",
        "english_name": "Inuktitut",
        "native_name": "ᐃᓄᒃᑎᑐᑦ"
    },
    {
        "ISO_639_1_code": "ja",
        "english_name": "Japanese",
        "native_name": "日本語"
    },
    {
        "ISO_639_1_code": "jv",
        "english_name": "Javanese",
        "native_name": "basa Jawa"
    },
    {
        "ISO_639_1_code": "ka",
        "english_name": "Georgian",
        "native_name": "ქართული"
    },
    {
        "ISO_639_1_code": "kg",
        "english_name": "Kongo",
        "native_name": "Kikongo"
    },
    {
        "ISO_639_1_code": "ki",
        "english_name": "Kikuyu",
        "native_name": "Gĩkũyũ"
    },
    {
        "ISO_639_1_code": "kj",
        "english_name": "Kwanyama",
        "native_name": "Kuanyama"
    },
    {
        "ISO_639_1_code": "kk",
        "english_name": "Kazakh",
        "native_name": "қазақ тілі"
    },
    {
        "ISO_639_1_code": "kl",
        "english_name": "Kalaallisut",
        "native_name": "kalaallisut"
    },
    {
        "ISO_639_1_code": "km",
        "english_name": "Khmer",
        "native_name": "ខេមរភាសា"
    },
    {
        "ISO_639_1_code": "kn",
        "english_name": "Kannada",
        "native_name": "ಕನ್ನಡ"
    },
    {
        "ISO_639_1_code": "ko",
        "english_name": "Korean",
        "native_name": "한국어"
    },
    {
        "ISO_639_1_code": "kr",
        "english_name": "Kanuri",
        "native_name": "Kanuri"
    },
    {
        "ISO_639_1_code": "ks",
        "english_name": "Kashmiri",
        "native_name": "कश्मीरी"
    },
    {
        "ISO_639_1_code": "ku",
        "english_name": "Kurdish",
        "native_name": "Kurdî"
    },
    {
        "ISO_639_1_code": "kv",
        "english_name": "Komi",
        "native_name": "коми кыв"
    },
    {
        "ISO_639_1_code": "kw",
        "english_name": "Cornish",
        "native_name": "Kernewek"
    },
    {
        "ISO_639_1_code": "ky",
        "english_name": "Kyrgyz",
        "native_name": "Кыргызча"
    },
    {
        "ISO_639_1_code": "la",
        "english_name": "Latin",
        "native_name": "latine"
    },
    {
        "ISO_639_1_code": "lb",
        "english_name": "Luxembourgish",
        "native_name": "Lëtzebuergesch"
    },
    {
        "ISO_639_1_code": "lg",
        "english_name": "Ganda",
        "native_name": "Luganda"
    },
    {
        "ISO_639_1_code": "li",
        "english_name": "Limburgish",
        "native_name": "Limburgs"
    },
    {
        "ISO_639_1_code": "ln",
        "english_name": "Lingala",
        "native_name": "Lingála"
    },
    {
        "ISO_639_1_code": "lo",
        "english_name": "Lao",
        "native_name": "ພາສາ"
    },
    {
        "ISO_639_1_code": "lt",
        "english_name": "Lithuanian",
        "native_name": "lietuvių kalba"
    },
    {
        "ISO_639_1_code": "lu",
        "english_name": "Luba-Katanga",
        "native_name": "Tshiluba"
    },
    {
        "ISO_639_1_code": "lv",
        "english_name": "Latvian",
        "native_name": "latviešu valoda"
    },
    {
        "ISO_639_1_code": "mg",
        "english_name": "Malagasy",
        "native_name": "fiteny malagasy"
    },
    {
        "ISO_639_1_code": "mh",
        "english_name": "Marshallese",
        "native_name": "Kajin M̧ajeļ"
    },
    {
        "ISO_639_1_code": "mi",
        "english_name": "Māori",
        "native_name": "te reo Māori"
    },
    {
        "ISO_639_1_code": "mk",
        "english_name": "Macedonian",
        "native_name": "македонски јазик"
    },
    {
        "ISO_639_1_code": "ml",
        "english_name": "Malayalam",
        "native_name": "മലയാളം"
    },
    {
        "ISO_639_1_code": "mn",
        "english_name": "Mongolian",
        "native_name": "Монгол хэл"
    },
    {
        "ISO_639_1_code": "mr",
        "english_name": "Marathi",
        "native_name": "मराठी"
    },
    {
        "ISO_639_1_code": "ms",
        "english_name": "Malay",
        "native_name": "Bahasa Malaysia"
    },
    {
        "ISO_639_1_code": "mt",
        "english_name": "Maltese",
        "native_name": "Malti"
    },
    {
        "ISO_639_1_code": "my",
        "english_name": "Burmese",
        "native_name": "ဗမာစာ"
    },
    {
        "ISO_639_1_code": "na",
        "english_name": "Nauru",
        "native_name": "Ekakairũ Naoero"
    },
    {
        "ISO_639_1_code": "nb",
        "english_name": "Norwegian Bokmål",
        "native_name": "Norsk bokmål"
    },
    {
        "ISO_639_1_code": "nd",
        "english_name": "Northern Ndebele",
        "native_name": "isiNdebele"
    },
    {
        "ISO_639_1_code": "ne",
        "english_name": "Nepali",
        "native_name": "नेपाली"
    },
    {
        "ISO_639_1_code": "ng",
        "english_name": "Ndonga",
        "native_name": "Owambo"
    },
    {
        "ISO_639_1_code": "nl",
        "english_name": "Dutch",
        "native_name": "Nederlands"
    },
    {
        "ISO_639_1_code": "nn",
        "english_name": "Norwegian Nynorsk",
        "native_name": "Norsk nynorsk"
    },
    {
        "ISO_639_1_code": "no",
        "english_name": "Norwegian",
        "native_name": "Norsk"
    },
    {
        "ISO_639_1_code": "nr",
        "english_name": "Southern Ndebele",
        "native_name": "isiNdebele"
    },
    {
        "ISO_639_1_code": "nv",
        "english_name": "Navajo",
        "native_name": "Diné bizaad"
    },
    {
        "ISO_639_1_code": "ny",
        "english_name": "Chichewa",
        "native_name": "chiCheŵa"
    },
    {
        "ISO_639_1_code": "oc",
        "english_name": "Occitan",
        "native_name": "occitan"
    },
    {
        "ISO_639_1_code": "oj",
        "english_name": "Ojibwe",
        "native_name": "ᐊᓂᔑᓈᐯᒧᐎᓐ"
    },
    {
        "ISO_639_1_code": "om",
        "english_name": "Oromo",
        "native_name": "Afaan Oromoo"
    },
    {
        "ISO_639_1_code": "or",
        "english_name": "Oriya",
        "native_name": "ଓଡ଼ିଆ"
    },
    {
        "ISO_639_1_code": "os",
        "english_name": "Ossetian",
        "native_name": "ирон æвзаг"
    },
    {
        "ISO_639_1_code": "pa",
        "english_name": "Panjabi",
        "native_name": "ਪੰਜਾਬੀ"
    },
    {
        "ISO_639_1_code": "pi",
        "english_name": "Pāli",
        "native_name": "पाऴि"
    },
    {
        "ISO_639_1_code": "pl",
        "english_name": "Polish",
        "native_name": "Polski"
    },
    {
        "ISO_639_1_code": "ps",
        "english_name": "Pashto",
        "native_name": "پښتو"
    },
    {
        "ISO_639_1_code": "pt",
        "english_name": "Portuguese",
        "native_name": "Português"
    },
    {
        "ISO_639_1_code": "qu",
        "english_name": "Quechua",
        "native_name": "Runa Simi"
    },
    {
        "ISO_639_1_code": "rm",
        "english_name": "Romansh",
        "native_name": "rumantsch grischun"
    },
    {
        "ISO_639_1_code": "rn",
        "english_name": "Kirundi",
        "native_name": "Ikirundi"
    },
    {
        "ISO_639_1_code": "ro",
        "english_name": "Romanian",
        "native_name": "Română"
    },
    {
        "ISO_639_1_code": "ru",
        "english_name": "Russian",
        "native_name": "Русский"
    },
    {
        "ISO_639_1_code": "rw",
        "english_name": "Kinyarwanda",
        "native_name": "Ikinyarwanda"
    },
    {
        "ISO_639_1_code": "sa",
        "english_name": "Sanskrit",
        "native_name": "संस्कृतम्"
    },
    {
        "ISO_639_1_code": "sc",
        "english_name": "Sardinian",
        "native_name": "sardu"
    },
    {
        "ISO_639_1_code": "sd",
        "english_name": "Sindhi",
        "native_name": "सिन्धी"
    },
    {
        "ISO_639_1_code": "se",
        "english_name": "Northern Sami",
        "native_name": "Davvisámegiella"
    },
    {
        "ISO_639_1_code": "sg",
        "english_name": "Sango",
        "native_name": "yângâ tî sängö"
    },
    {
        "ISO_639_1_code": "si",
        "english_name": "Sinhala",
        "native_name": "සිංහල"
    },
    {
        "ISO_639_1_code": "sk",
        "english_name": "Slovak",
        "native_name": "slovenčina"
    },
    {
        "ISO_639_1_code": "sl",
        "english_name": "Slovenian",
        "native_name": "slovenščina"
    },
    {
        "ISO_639_1_code": "sn",
        "english_name": "Shona",
        "native_name": "chiShona"
    },
    {
        "ISO_639_1_code": "so",
        "english_name": "Somali",
        "native_name": "Soomaaliga"
    },
    {
        "ISO_639_1_code": "sq",
        "english_name": "Albanian",
        "native_name": "Shqip"
    },
    {
        "ISO_639_1_code": "sr",
        "english_name": "Serbian",
        "native_name": "српски језик"
    },
    {
        "ISO_639_1_code": "ss",
        "english_name": "Swati",
        "native_name": "SiSwati"
    },
    {
        "ISO_639_1_code": "st",
        "english_name": "Southern Sotho",
        "native_name": "Sesotho"
    },
    {
        "ISO_639_1_code": "su",
        "english_name": "Sundanese",
        "native_name": "Basa Sunda"
    },
    {
        "ISO_639_1_code": "sv",
        "english_name": "Swedish",
        "native_name": "Svenska"
    },
    {
        "ISO_639_1_code": "sw",
        "english_name": "Swahili",
        "native_name": "Kiswahili"
    },
    {
        "ISO_639_1_code": "ta",
        "english_name": "Tamil",
        "native_name": "தமிழ்"
    },
    {
        "ISO_639_1_code": "te",
        "english_name": "Telugu",
        "native_name": "తెలుగు"
    },
    {
        "ISO_639_1_code": "tg",
        "english_name": "Tajik",
        "native_name": "тоҷикӣ"
    },
    {
        "ISO_639_1_code": "th",
        "english_name": "Thai",
        "native_name": "ไทย"
    },
    {
        "ISO_639_1_code": "ti",
        "english_name": "Tigrinya",
        "native_name": "ትግርኛ"
    },
    {
        "ISO_639_1_code": "tk",
        "english_name": "Turkmen",
        "native_name": "Türkmen"
    },
    {
        "ISO_639_1_code": "tl",
        "english_name": "Tagalog",
        "native_name": "Wikang Tagalog"
    },
    {
        "ISO_639_1_code": "tn",
        "english_name": "Tswana",
        "native_name": "Setswana"
    },
    {
        "ISO_639_1_code": "to",
        "english_name": "Tonga",
        "native_name": "faka Tonga"
    },
    {
        "ISO_639_1_code": "tr",
        "english_name": "Turkish",
        "native_name": "Türkçe"
    },
    {
        "ISO_639_1_code": "ts",
        "english_name": "Tsonga",
        "native_name": "Xitsonga"
    },
    {
        "ISO_639_1_code": "tt",
        "english_name": "Tatar",
        "native_name": "татар теле"
    },
    {
        "ISO_639_1_code": "tw",
        "english_name": "Twi",
        "native_name": "Twi"
    },
    {
        "ISO_639_1_code": "ty",
        "english_name": "Tahitian",
        "native_name": "Reo Tahiti"
    },
    {
        "ISO_639_1_code": "ug",
        "english_name": "Uyghur",
        "native_name": "ئۇيغۇرچە‎"
    },
    {
        "ISO_639_1_code": "uk",
        "english_name": "Ukrainian",
        "native_name": "Українська"
    },
    {
        "ISO_639_1_code": "ur",
        "english_name": "Urdu",
        "native_name": "اردو"
    },
    {
        "ISO_639_1_code": "uz",
        "english_name": "Uzbek",
        "native_name": "Ўзбек"
    },
    {
        "ISO_639_1_code": "ve",
        "english_name": "Venda",
        "native_name": "Tshivenḓa"
    },
    {
        "ISO_639_1_code": "vi",
        "english_name": "Vietnamese",
        "native_name": "Tiếng Việt"
    },
    {
        "ISO_639_1_code": "vo",
        "english_name": "Volapük",
        "native_name": "Volapük"
    },
    {
        "ISO_639_1_code": "wa",
        "english_name": "Walloon",
        "native_name": "walon"
    },
    {
        "ISO_639_1_code": "wo",
        "english_name": "Wolof",
        "native_name": "Wollof"
    },
    {
        "ISO_639_1_code": "xh",
        "english_name": "Xhosa",
        "native_name": "isiXhosa"
    },
    {
        "ISO_639_1_code": "yi",
        "english_name": "Yiddish",
        "native_name": "ייִדיש"
    },
    {
        "ISO_639_1_code": "yo",
        "english_name": "Yoruba",
        "native_name": "Yorùbá"
    },
    {
        "ISO_639_1_code": "za",
        "english_name": "Zhuang",
        "native_name": "Saɯ cueŋƅ"
    },
    {
        "ISO_639_1_code": "zh",
        "english_name": "Chinese",
        "native_name": "中文"
    },
    {
        "ISO_639_1_code": "zu",
        "english_name": "Zulu",
        "native_name": "isiZulu"
    }
]